<Configuration status="debug">
  <Appenders>
    <Console name="STDOUT" target="SYSTEM_OUT">
      <PatternLayout pattern="%d{HH:mm:ss.SSS} [%t] %-5level %logger{36} - %msg%n"/>
    </Console>
    <File name="File" fileName="C:\Users\SD\eclipse-workspace\LiveProject\Log">
<PatternLayout pattern="%d{HH:mm:ss.SSS} [%t] %-5level %logger{36} - %msg%n"/>
</File>
  </Appenders>
  <Loggers>
    <Root level="all">
      <AppenderRef ref="STDOUT"/>
      <AppenderRef ref="File"/>
    </Root>
  </Loggers>
</Configuration>
